"Member","File","Touches","Insertions","Deletions"
"Agnesa Maxhuni","frontend/src/styles/ui.css","26","3262","251"
"Agnesa Maxhuni","backend/OnlineExam.Api/Controllers/ExamsController.cs","18","1676","554"
"Agnesa Maxhuni","frontend/src/pages/exams/StudentExamSessionPage.jsx","14","1376","753"
"Agnesa Maxhuni","docs/13-project-status-gap-analysis.md","12","124","61"
"Agnesa Maxhuni","frontend/src/lib/examsApi.js","12","132","34"
"Agnesa Maxhuni","frontend/src/pages/exams/ExamsListPage.jsx","12","602","371"
"Agnesa Maxhuni","docs/00-master.md","11","52","15"
"Agnesa Maxhuni","docs/work-log.md","11","62","1"
"Agnesa Maxhuni","frontend/src/pages/exams/ExamDetailsPage.jsx","11","1431","496"
"Agnesa Maxhuni","frontend/src/routes/AppRoutes.jsx","10","28","11"
"Agnesa Maxhuni","frontend/src/pages/exams/ExamGradebookPage.jsx","9","1141","323"
"Agnesa Maxhuni","docs/test-guide.md","8","202","6"
"Agnesa Maxhuni","frontend/src/components/AppShell.jsx","8","132","6"
"Agnesa Maxhuni","frontend/src/components/RoleDashboardPanels.jsx","8","383","90"
"Agnesa Maxhuni","frontend/src/pages/exams/ExamCreatePage.jsx","8","543","286"
"Agnesa Maxhuni","frontend/src/lib/i18n.js","7","80","1118"
"Agnesa Maxhuni","backend/OnlineExam.Api/Controllers/QuestionsController.cs","5","162","22"
"Agnesa Maxhuni","docs/10-ui-pages.md","5","60","101"
"Agnesa Maxhuni","frontend/src/pages/admin/AdminEnrollmentsPage.jsx","5","1216","70"
"Agnesa Maxhuni","frontend/src/pages/Dashboard.jsx","5","38","111"
"Agnesa Maxhuni",".github/pull_request_template.md","4","28","0"
"Agnesa Maxhuni","backend/OnlineExam.Api/DTOs/ExamAccessDtos.cs","4","73","6"
"Agnesa Maxhuni","backend/OnlineExam.Api/Program.cs","4","164","35"
"Agnesa Maxhuni","docs/04-nonfunctional-requirements.md","4","63","25"
"Agnesa Maxhuni","docs/12-roadmap-and-mvp.md","4","101","48"
"Agnesa Maxhuni","frontend/src/pages/admin/AdminAcademicStructurePage.jsx","4","841","44"
"Agnesa Maxhuni","frontend/src/pages/admin/AdminUsersPage.jsx","4","732","83"
"Agnesa Maxhuni","backend/OnlineExam.Api/Controllers/AuthController.cs","3","69","35"
"Agnesa Maxhuni","backend/OnlineExam.Api/Data/AppDbContext.cs","3","53","4"
"Agnesa Maxhuni","backend/OnlineExam.Api/Migrations/AppDbContextModelSnapshot.cs","3","277","44"
"Agnesa Maxhuni","backend/OnlineExam.Api/Models/Exam.cs","3","11","12"
"Agnesa Maxhuni","docker-compose.yml","3","32","2"
"Agnesa Maxhuni","docs/01-introduction.md","3","63","25"
"Agnesa Maxhuni","docs/02-scope-and-roles.md","3","126","56"
"Agnesa Maxhuni","docs/11-security-proctoring.md","3","72","41"
"Agnesa Maxhuni","docs/demo-readiness-checklist.md","3","63","0"
"Agnesa Maxhuni","frontend/src/lib/academicApi.js","3","120","0"
"Agnesa Maxhuni","frontend/src/lib/permissions.js","3","10","2"
"Agnesa Maxhuni","frontend/src/pages/exams/ExamMonitorPage.jsx","3","418","530"
"Agnesa Maxhuni","frontend/src/pages/exams/QuestionCreatePage.jsx","3","79","118"
"Agnesa Maxhuni","frontend/src/pages/exams/StudentResultsPage.jsx","3","103","53"
"Agnesa Maxhuni","frontend/src/pages/Login.jsx","3","83","34"
"Agnesa Maxhuni","frontend/src/pages/question-bank/QuestionBankPage.jsx","3","779","509"
"Agnesa Maxhuni",".gitignore","2","4","1"
"Agnesa Maxhuni","backend/OnlineExam.Api/Controllers/UsersController.cs","2","264","62"
"Agnesa Maxhuni","backend/OnlineExam.Api/DTOs/CreateExamAttemptDto.cs","2","32","0"
"Agnesa Maxhuni","backend/OnlineExam.Api/DTOs/RandomExamGenerationDtos.cs","2","13","0"
"Agnesa Maxhuni","backend/OnlineExam.Api/DTOs/ResetPasswordDto.cs","2","14","0"
"Agnesa Maxhuni","docs/03-functional-requirements.md","2","51","43"
"Agnesa Maxhuni","docs/05-user-stories.md","2","29","165"
"Agnesa Maxhuni","docs/06-use-cases.md","2","108","119"
"Agnesa Maxhuni","docs/07-data-model.md","2","30","24"
"Agnesa Maxhuni","docs/08-system-architecture.md","2","23","16"
"Agnesa Maxhuni","docs/09-api-overview.md","2","63","28"
"Agnesa Maxhuni","docs/14-delivery-plan.md","2","123","1"
"Agnesa Maxhuni","docs/14-delivery-plan-6-weeks.md","2","110","110"
"Agnesa Maxhuni","docs/15-week-1-team-split.md","2","29","29"
"Agnesa Maxhuni","docs/17-chatgpt-prompts.md","2","16","424"
"Agnesa Maxhuni","docs/18-six-week-team-allocation.md","2","104","104"
"Agnesa Maxhuni","docs/acceptance-login.md","2","31","11"
"Agnesa Maxhuni","docs/smu-integration-plan.md","2","69","0"
"Agnesa Maxhuni","frontend/src/pages/admin/AdminSmuIntegrationPage.jsx","2","265","1"
"Agnesa Maxhuni","frontend/src/pages/exams/ProfessorGradebookIndexPage.jsx","2","253","20"
"Agnesa Maxhuni","frontend/src/styles/theme.css","2","31","29"
"Agnesa Maxhuni","README.md","2","77","149"
"Agnesa Maxhuni","backend/OnlineExam.Api/appsettings.Development.json","1","1","1"
"Agnesa Maxhuni","backend/OnlineExam.Api/Controllers/CourseOfferingsController.cs","1","2","2"
"Agnesa Maxhuni","backend/OnlineExam.Api/Controllers/CoursesController.cs","1","2","2"
"Agnesa Maxhuni","backend/OnlineExam.Api/Dockerfile","1","22","0"
"Agnesa Maxhuni","backend/OnlineExam.Api/Docs/SprintFAccessCodeSecurityValidation.md","1","37","0"
"Agnesa Maxhuni","backend/OnlineExam.Api/DTOs/CreateExamDto.cs","1","5","0"
"Agnesa Maxhuni","backend/OnlineExam.Api/DTOs/CreateQuestionDto.cs","1","2","0"
"Agnesa Maxhuni","backend/OnlineExam.Api/DTOs/CreateUserDto.cs","1","10","7"
"Agnesa Maxhuni","backend/OnlineExam.Api/DTOs/ExamResultsDtos.cs","1","21","0"
"Agnesa Maxhuni","backend/OnlineExam.Api/DTOs/ImportUsersDto.cs","1","18","0"
"Agnesa Maxhuni","backend/OnlineExam.Api/DTOs/UpdateUserDto.cs","1","9","0"
"Agnesa Maxhuni","backend/OnlineExam.Api/DTOs/UpdateUserStatusDto.cs","1","7","0"
"Agnesa Maxhuni","backend/OnlineExam.Api/DTOs/UserResponseDto.cs","1","12","8"
"Agnesa Maxhuni","backend/OnlineExam.Api/Migrations/20260409203634_FixQuestionForeignKey.cs","1","93","0"
"Agnesa Maxhuni","backend/OnlineExam.Api/Migrations/20260409203634_FixQuestionForeignKey.Designer.cs","1","184","0"
"Agnesa Maxhuni","backend/OnlineExam.Api/Migrations/20260409204120_RemoveShadowExamId1.cs","1","101","0"
"Agnesa Maxhuni","backend/OnlineExam.Api/Migrations/20260409204120_RemoveShadowExamId1.Designer.cs","1","175","0"
"Agnesa Maxhuni","backend/OnlineExam.Api/Migrations/20260626224034_AddExamSessionBindings.cs","1","86","0"
"Agnesa Maxhuni","backend/OnlineExam.Api/Migrations/20260626224034_AddExamSessionBindings.Designer.cs","1","1139","0"
"Agnesa Maxhuni","backend/OnlineExam.Api/Models/ExamAccessCode.cs","1","16","0"
"Agnesa Maxhuni","backend/OnlineExam.Api/Models/ExamSessionBinding.cs","1","25","0"
"Agnesa Maxhuni","backend/OnlineExam.Api/Models/ExamStudentAccess.cs","1","16","0"
"Agnesa Maxhuni","backend/OnlineExam.Api/Models/Question.cs","1","1","0"
"Agnesa Maxhuni","docs/16-notion-workspace-guide.md","1","41","0"
"Agnesa Maxhuni","docs/demo-operations-runbook.md","1","273","0"
"Agnesa Maxhuni","docs/professional-change-workflow.md","1","100","0"
"Agnesa Maxhuni","docs/professor-assigned-offerings-workspace.md","1","27","28"
"Agnesa Maxhuni","docs/release-qa-evidence.md","1","79","0"
"Agnesa Maxhuni","docs/student-exam-focus-layout.md","1","54","0"
"Agnesa Maxhuni","docs/university-ui-consistency-review.md","1","97","0"
"Agnesa Maxhuni","frontend/.env.example","1","2","0"
"Agnesa Maxhuni","frontend/package-lock.json","1","26","11"
"Agnesa Maxhuni","frontend/src/App.jsx","1","1","95"
"Agnesa Maxhuni","frontend/src/components/SmuSourceBanner.jsx","1","26","0"
"Agnesa Maxhuni","frontend/src/hooks/useCurrentUser.js","1","28","0"
"Agnesa Maxhuni","frontend/src/hooks/useSmuIntegrationStatus.js","1","34","0"
"Agnesa Maxhuni","frontend/src/index.css","1","6","106"
"Agnesa Maxhuni","frontend/src/lib/api.js","1","16","0"
"Agnesa Maxhuni","frontend/src/lib/auth.js","1","9","0"
"Agnesa Maxhuni","frontend/src/lib/smuApi.js","1","16","0"
"Agnesa Maxhuni","frontend/src/lib/usersApi.js","1","31","0"
"Agnesa Maxhuni","frontend/src/pages/AdminUsersPage.jsx","1","0","168"
"Agnesa Maxhuni","frontend/src/pages/question-bank/GeneratedQuestionReviewPage.jsx","1","0","473"
"Agnesa Maxhuni","frontend/src/pages/question-bank/QuestionBankEditorPage.jsx","1","63","23"
"Agnesa Maxhuni","frontend/src/pages/reports/ReportsPage.jsx","1","34","4"
"Agnesa Maxhuni","frontend/src/pages/SettingsPage.jsx","1","140","0"
"Agnesa Maxhuni","frontend/tsconfig.json","1","19","0"
"Agnesa Maxhuni","frontend/vite-env.d.ts","1","1","0"
"Agnesa Maxhuni","OnlineExam.sln","1","27","0"
"Agnesa Maxhuni","onlineexam.sql","1","1012","0"
"Agnesa Maxhuni","temp_build_verify_2/appsettings.Development.json","1","0","15"
"Agnesa Maxhuni","temp_build_verify_2/appsettings.json","1","0","14"
"Agnesa Maxhuni","temp_build_verify_2/BCrypt.Net-Next.dll","1","0","0"
"Agnesa Maxhuni","temp_build_verify_2/cs/Microsoft.CodeAnalysis.CSharp.resources.dll","1","0","0"
"Agnesa Maxhuni","temp_build_verify_2/cs/Microsoft.CodeAnalysis.CSharp.Workspaces.resources.dll","1","0","0"
"Agnesa Maxhuni","temp_build_verify_2/cs/Microsoft.CodeAnalysis.resources.dll","1","0","0"
"Agnesa Maxhuni","temp_build_verify_2/cs/Microsoft.CodeAnalysis.Workspaces.resources.dll","1","0","0"
"Agnesa Maxhuni","temp_build_verify_2/de/Microsoft.CodeAnalysis.CSharp.resources.dll","1","0","0"
"Agnesa Maxhuni","temp_build_verify_2/de/Microsoft.CodeAnalysis.CSharp.Workspaces.resources.dll","1","0","0"
"Agnesa Maxhuni","temp_build_verify_2/de/Microsoft.CodeAnalysis.resources.dll","1","0","0"
"Agnesa Maxhuni","temp_build_verify_2/de/Microsoft.CodeAnalysis.Workspaces.resources.dll","1","0","0"
"Agnesa Maxhuni","temp_build_verify_2/es/Microsoft.CodeAnalysis.CSharp.resources.dll","1","0","0"
"Agnesa Maxhuni","temp_build_verify_2/es/Microsoft.CodeAnalysis.CSharp.Workspaces.resources.dll","1","0","0"
"Agnesa Maxhuni","temp_build_verify_2/es/Microsoft.CodeAnalysis.resources.dll","1","0","0"
"Agnesa Maxhuni","temp_build_verify_2/es/Microsoft.CodeAnalysis.Workspaces.resources.dll","1","0","0"
"Agnesa Maxhuni","temp_build_verify_2/fr/Microsoft.CodeAnalysis.CSharp.resources.dll","1","0","0"
"Agnesa Maxhuni","temp_build_verify_2/fr/Microsoft.CodeAnalysis.CSharp.Workspaces.resources.dll","1","0","0"
"Agnesa Maxhuni","temp_build_verify_2/fr/Microsoft.CodeAnalysis.resources.dll","1","0","0"
"Agnesa Maxhuni","temp_build_verify_2/fr/Microsoft.CodeAnalysis.Workspaces.resources.dll","1","0","0"
"Agnesa Maxhuni","temp_build_verify_2/Humanizer.dll","1","0","0"
"Agnesa Maxhuni","temp_build_verify_2/it/Microsoft.CodeAnalysis.CSharp.resources.dll","1","0","0"
"Agnesa Maxhuni","temp_build_verify_2/it/Microsoft.CodeAnalysis.CSharp.Workspaces.resources.dll","1","0","0"
"Agnesa Maxhuni","temp_build_verify_2/it/Microsoft.CodeAnalysis.resources.dll","1","0","0"
"Agnesa Maxhuni","temp_build_verify_2/it/Microsoft.CodeAnalysis.Workspaces.resources.dll","1","0","0"
"Agnesa Maxhuni","temp_build_verify_2/ja/Microsoft.CodeAnalysis.CSharp.resources.dll","1","0","0"
"Agnesa Maxhuni","temp_build_verify_2/ja/Microsoft.CodeAnalysis.CSharp.Workspaces.resources.dll","1","0","0"
"Agnesa Maxhuni","temp_build_verify_2/ja/Microsoft.CodeAnalysis.resources.dll","1","0","0"
"Agnesa Maxhuni","temp_build_verify_2/ja/Microsoft.CodeAnalysis.Workspaces.resources.dll","1","0","0"
"Agnesa Maxhuni","temp_build_verify_2/ko/Microsoft.CodeAnalysis.CSharp.resources.dll","1","0","0"
"Agnesa Maxhuni","temp_build_verify_2/ko/Microsoft.CodeAnalysis.CSharp.Workspaces.resources.dll","1","0","0"
"Agnesa Maxhuni","temp_build_verify_2/ko/Microsoft.CodeAnalysis.resources.dll","1","0","0"
"Agnesa Maxhuni","temp_build_verify_2/ko/Microsoft.CodeAnalysis.Workspaces.resources.dll","1","0","0"
"Agnesa Maxhuni","temp_build_verify_2/Microsoft.AspNetCore.Authentication.JwtBearer.dll","1","0","0"
"Agnesa Maxhuni","temp_build_verify_2/Microsoft.AspNetCore.OpenApi.dll","1","0","0"
"Agnesa Maxhuni","temp_build_verify_2/Microsoft.Bcl.AsyncInterfaces.dll","1","0","0"
"Agnesa Maxhuni","temp_build_verify_2/Microsoft.CodeAnalysis.CSharp.dll","1","0","0"
"Agnesa Maxhuni","temp_build_verify_2/Microsoft.CodeAnalysis.CSharp.Workspaces.dll","1","0","0"
"Agnesa Maxhuni","temp_build_verify_2/Microsoft.CodeAnalysis.dll","1","0","0"
"Agnesa Maxhuni","temp_build_verify_2/Microsoft.CodeAnalysis.Workspaces.dll","1","0","0"
"Agnesa Maxhuni","temp_build_verify_2/Microsoft.EntityFrameworkCore.Abstractions.dll","1","0","0"
"Agnesa Maxhuni","temp_build_verify_2/Microsoft.EntityFrameworkCore.Design.dll","1","0","0"
"Agnesa Maxhuni","temp_build_verify_2/Microsoft.EntityFrameworkCore.dll","1","0","0"
"Agnesa Maxhuni","temp_build_verify_2/Microsoft.EntityFrameworkCore.Relational.dll","1","0","0"
"Agnesa Maxhuni","temp_build_verify_2/Microsoft.Extensions.DependencyModel.dll","1","0","0"
"Agnesa Maxhuni","temp_build_verify_2/Microsoft.IdentityModel.Abstractions.dll","1","0","0"
"Agnesa Maxhuni","temp_build_verify_2/Microsoft.IdentityModel.JsonWebTokens.dll","1","0","0"
"Agnesa Maxhuni","temp_build_verify_2/Microsoft.IdentityModel.Logging.dll","1","0","0"
"Agnesa Maxhuni","temp_build_verify_2/Microsoft.IdentityModel.Protocols.dll","1","0","0"
"Agnesa Maxhuni","temp_build_verify_2/Microsoft.IdentityModel.Protocols.OpenIdConnect.dll","1","0","0"
"Agnesa Maxhuni","temp_build_verify_2/Microsoft.IdentityModel.Tokens.dll","1","0","0"
"Agnesa Maxhuni","temp_build_verify_2/Microsoft.OpenApi.dll","1","0","0"
"Agnesa Maxhuni","temp_build_verify_2/Mono.TextTemplating.dll","1","0","0"
"Agnesa Maxhuni","temp_build_verify_2/Npgsql.dll","1","0","0"
"Agnesa Maxhuni","temp_build_verify_2/Npgsql.EntityFrameworkCore.PostgreSQL.dll","1","0","0"
"Agnesa Maxhuni","temp_build_verify_2/OnlineExam.Api.deps.json","1","0","1052"
"Agnesa Maxhuni","temp_build_verify_2/OnlineExam.Api.dll","1","0","0"
"Agnesa Maxhuni","temp_build_verify_2/OnlineExam.Api.exe","1","0","0"
"Agnesa Maxhuni","temp_build_verify_2/OnlineExam.Api.pdb","1","0","0"
"Agnesa Maxhuni","temp_build_verify_2/OnlineExam.Api.runtimeconfig.json","1","0","20"
"Agnesa Maxhuni","temp_build_verify_2/pl/Microsoft.CodeAnalysis.CSharp.resources.dll","1","0","0"
"Agnesa Maxhuni","temp_build_verify_2/pl/Microsoft.CodeAnalysis.CSharp.Workspaces.resources.dll","1","0","0"
"Agnesa Maxhuni","temp_build_verify_2/pl/Microsoft.CodeAnalysis.resources.dll","1","0","0"
"Agnesa Maxhuni","temp_build_verify_2/pl/Microsoft.CodeAnalysis.Workspaces.resources.dll","1","0","0"
"Agnesa Maxhuni","temp_build_verify_2/pt-BR/Microsoft.CodeAnalysis.CSharp.resources.dll","1","0","0"
"Agnesa Maxhuni","temp_build_verify_2/pt-BR/Microsoft.CodeAnalysis.CSharp.Workspaces.resources.dll","1","0","0"
"Agnesa Maxhuni","temp_build_verify_2/pt-BR/Microsoft.CodeAnalysis.resources.dll","1","0","0"
"Agnesa Maxhuni","temp_build_verify_2/pt-BR/Microsoft.CodeAnalysis.Workspaces.resources.dll","1","0","0"
"Agnesa Maxhuni","temp_build_verify_2/ru/Microsoft.CodeAnalysis.CSharp.resources.dll","1","0","0"
"Agnesa Maxhuni","temp_build_verify_2/ru/Microsoft.CodeAnalysis.CSharp.Workspaces.resources.dll","1","0","0"
"Agnesa Maxhuni","temp_build_verify_2/ru/Microsoft.CodeAnalysis.resources.dll","1","0","0"
"Agnesa Maxhuni","temp_build_verify_2/ru/Microsoft.CodeAnalysis.Workspaces.resources.dll","1","0","0"
"Agnesa Maxhuni","temp_build_verify_2/Swashbuckle.AspNetCore.Swagger.dll","1","0","0"
"Agnesa Maxhuni","temp_build_verify_2/Swashbuckle.AspNetCore.SwaggerGen.dll","1","0","0"
"Agnesa Maxhuni","temp_build_verify_2/Swashbuckle.AspNetCore.SwaggerUI.dll","1","0","0"
"Agnesa Maxhuni","temp_build_verify_2/System.CodeDom.dll","1","0","0"
"Agnesa Maxhuni","temp_build_verify_2/System.Composition.AttributedModel.dll","1","0","0"
"Agnesa Maxhuni","temp_build_verify_2/System.Composition.Convention.dll","1","0","0"
"Agnesa Maxhuni","temp_build_verify_2/System.Composition.Hosting.dll","1","0","0"
"Agnesa Maxhuni","temp_build_verify_2/System.Composition.Runtime.dll","1","0","0"
"Agnesa Maxhuni","temp_build_verify_2/System.Composition.TypedParts.dll","1","0","0"
"Agnesa Maxhuni","temp_build_verify_2/System.IdentityModel.Tokens.Jwt.dll","1","0","0"
"Agnesa Maxhuni","temp_build_verify_2/tr/Microsoft.CodeAnalysis.CSharp.resources.dll","1","0","0"
"Agnesa Maxhuni","temp_build_verify_2/tr/Microsoft.CodeAnalysis.CSharp.Workspaces.resources.dll","1","0","0"
"Agnesa Maxhuni","temp_build_verify_2/tr/Microsoft.CodeAnalysis.resources.dll","1","0","0"
"Agnesa Maxhuni","temp_build_verify_2/tr/Microsoft.CodeAnalysis.Workspaces.resources.dll","1","0","0"
"Agnesa Maxhuni","temp_build_verify_2/zh-Hans/Microsoft.CodeAnalysis.CSharp.resources.dll","1","0","0"
"Agnesa Maxhuni","temp_build_verify_2/zh-Hans/Microsoft.CodeAnalysis.CSharp.Workspaces.resources.dll","1","0","0"
"Agnesa Maxhuni","temp_build_verify_2/zh-Hans/Microsoft.CodeAnalysis.resources.dll","1","0","0"
"Agnesa Maxhuni","temp_build_verify_2/zh-Hans/Microsoft.CodeAnalysis.Workspaces.resources.dll","1","0","0"
"Agnesa Maxhuni","temp_build_verify_2/zh-Hant/Microsoft.CodeAnalysis.CSharp.resources.dll","1","0","0"
"Agnesa Maxhuni","temp_build_verify_2/zh-Hant/Microsoft.CodeAnalysis.CSharp.Workspaces.resources.dll","1","0","0"
"Agnesa Maxhuni","temp_build_verify_2/zh-Hant/Microsoft.CodeAnalysis.resources.dll","1","0","0"
"Agnesa Maxhuni","temp_build_verify_2/zh-Hant/Microsoft.CodeAnalysis.Workspaces.resources.dll","1","0","0"
"Agnesa Maxhuni","temp_build_verify_3/appsettings.Development.json","1","0","15"
"Agnesa Maxhuni","temp_build_verify_3/appsettings.json","1","0","14"
"Agnesa Maxhuni","temp_build_verify_3/BCrypt.Net-Next.dll","1","0","0"
"Agnesa Maxhuni","temp_build_verify_3/cs/Microsoft.CodeAnalysis.CSharp.resources.dll","1","0","0"
"Agnesa Maxhuni","temp_build_verify_3/cs/Microsoft.CodeAnalysis.CSharp.Workspaces.resources.dll","1","0","0"
"Agnesa Maxhuni","temp_build_verify_3/cs/Microsoft.CodeAnalysis.resources.dll","1","0","0"
"Agnesa Maxhuni","temp_build_verify_3/cs/Microsoft.CodeAnalysis.Workspaces.resources.dll","1","0","0"
"Agnesa Maxhuni","temp_build_verify_3/de/Microsoft.CodeAnalysis.CSharp.resources.dll","1","0","0"
"Agnesa Maxhuni","temp_build_verify_3/de/Microsoft.CodeAnalysis.CSharp.Workspaces.resources.dll","1","0","0"
"Agnesa Maxhuni","temp_build_verify_3/de/Microsoft.CodeAnalysis.resources.dll","1","0","0"
"Agnesa Maxhuni","temp_build_verify_3/de/Microsoft.CodeAnalysis.Workspaces.resources.dll","1","0","0"
"Agnesa Maxhuni","temp_build_verify_3/es/Microsoft.CodeAnalysis.CSharp.resources.dll","1","0","0"
"Agnesa Maxhuni","temp_build_verify_3/es/Microsoft.CodeAnalysis.CSharp.Workspaces.resources.dll","1","0","0"
"Agnesa Maxhuni","temp_build_verify_3/es/Microsoft.CodeAnalysis.resources.dll","1","0","0"
"Agnesa Maxhuni","temp_build_verify_3/es/Microsoft.CodeAnalysis.Workspaces.resources.dll","1","0","0"
"Agnesa Maxhuni","temp_build_verify_3/fr/Microsoft.CodeAnalysis.CSharp.resources.dll","1","0","0"
"Agnesa Maxhuni","temp_build_verify_3/fr/Microsoft.CodeAnalysis.CSharp.Workspaces.resources.dll","1","0","0"
"Agnesa Maxhuni","temp_build_verify_3/fr/Microsoft.CodeAnalysis.resources.dll","1","0","0"
"Agnesa Maxhuni","temp_build_verify_3/fr/Microsoft.CodeAnalysis.Workspaces.resources.dll","1","0","0"
"Agnesa Maxhuni","temp_build_verify_3/Humanizer.dll","1","0","0"
"Agnesa Maxhuni","temp_build_verify_3/it/Microsoft.CodeAnalysis.CSharp.resources.dll","1","0","0"
"Agnesa Maxhuni","temp_build_verify_3/it/Microsoft.CodeAnalysis.CSharp.Workspaces.resources.dll","1","0","0"
"Agnesa Maxhuni","temp_build_verify_3/it/Microsoft.CodeAnalysis.resources.dll","1","0","0"
"Agnesa Maxhuni","temp_build_verify_3/it/Microsoft.CodeAnalysis.Workspaces.resources.dll","1","0","0"
"Agnesa Maxhuni","temp_build_verify_3/ja/Microsoft.CodeAnalysis.CSharp.resources.dll","1","0","0"
"Agnesa Maxhuni","temp_build_verify_3/ja/Microsoft.CodeAnalysis.CSharp.Workspaces.resources.dll","1","0","0"
"Agnesa Maxhuni","temp_build_verify_3/ja/Microsoft.CodeAnalysis.resources.dll","1","0","0"
"Agnesa Maxhuni","temp_build_verify_3/ja/Microsoft.CodeAnalysis.Workspaces.resources.dll","1","0","0"
"Agnesa Maxhuni","temp_build_verify_3/ko/Microsoft.CodeAnalysis.CSharp.resources.dll","1","0","0"
"Agnesa Maxhuni","temp_build_verify_3/ko/Microsoft.CodeAnalysis.CSharp.Workspaces.resources.dll","1","0","0"
"Agnesa Maxhuni","temp_build_verify_3/ko/Microsoft.CodeAnalysis.resources.dll","1","0","0"
"Agnesa Maxhuni","temp_build_verify_3/ko/Microsoft.CodeAnalysis.Workspaces.resources.dll","1","0","0"
"Agnesa Maxhuni","temp_build_verify_3/Microsoft.AspNetCore.Authentication.JwtBearer.dll","1","0","0"
"Agnesa Maxhuni","temp_build_verify_3/Microsoft.AspNetCore.OpenApi.dll","1","0","0"
"Agnesa Maxhuni","temp_build_verify_3/Microsoft.Bcl.AsyncInterfaces.dll","1","0","0"
"Agnesa Maxhuni","temp_build_verify_3/Microsoft.CodeAnalysis.CSharp.dll","1","0","0"
"Agnesa Maxhuni","temp_build_verify_3/Microsoft.CodeAnalysis.CSharp.Workspaces.dll","1","0","0"
"Agnesa Maxhuni","temp_build_verify_3/Microsoft.CodeAnalysis.dll","1","0","0"
"Agnesa Maxhuni","temp_build_verify_3/Microsoft.CodeAnalysis.Workspaces.dll","1","0","0"
"Agnesa Maxhuni","temp_build_verify_3/Microsoft.EntityFrameworkCore.Abstractions.dll","1","0","0"
"Agnesa Maxhuni","temp_build_verify_3/Microsoft.EntityFrameworkCore.Design.dll","1","0","0"
"Agnesa Maxhuni","temp_build_verify_3/Microsoft.EntityFrameworkCore.dll","1","0","0"
"Agnesa Maxhuni","temp_build_verify_3/Microsoft.EntityFrameworkCore.Relational.dll","1","0","0"
"Agnesa Maxhuni","temp_build_verify_3/Microsoft.Extensions.DependencyModel.dll","1","0","0"
"Agnesa Maxhuni","temp_build_verify_3/Microsoft.IdentityModel.Abstractions.dll","1","0","0"
"Agnesa Maxhuni","temp_build_verify_3/Microsoft.IdentityModel.JsonWebTokens.dll","1","0","0"
"Agnesa Maxhuni","temp_build_verify_3/Microsoft.IdentityModel.Logging.dll","1","0","0"
"Agnesa Maxhuni","temp_build_verify_3/Microsoft.IdentityModel.Protocols.dll","1","0","0"
"Agnesa Maxhuni","temp_build_verify_3/Microsoft.IdentityModel.Protocols.OpenIdConnect.dll","1","0","0"
"Agnesa Maxhuni","temp_build_verify_3/Microsoft.IdentityModel.Tokens.dll","1","0","0"
"Agnesa Maxhuni","temp_build_verify_3/Microsoft.OpenApi.dll","1","0","0"
"Agnesa Maxhuni","temp_build_verify_3/Mono.TextTemplating.dll","1","0","0"
"Agnesa Maxhuni","temp_build_verify_3/Npgsql.dll","1","0","0"
"Agnesa Maxhuni","temp_build_verify_3/Npgsql.EntityFrameworkCore.PostgreSQL.dll","1","0","0"
"Agnesa Maxhuni","temp_build_verify_3/OnlineExam.Api.deps.json","1","0","1052"
"Agnesa Maxhuni","temp_build_verify_3/OnlineExam.Api.dll","1","0","0"
"Agnesa Maxhuni","temp_build_verify_3/OnlineExam.Api.exe","1","0","0"
"Agnesa Maxhuni","temp_build_verify_3/OnlineExam.Api.pdb","1","0","0"
"Agnesa Maxhuni","temp_build_verify_3/OnlineExam.Api.runtimeconfig.json","1","0","20"
"Agnesa Maxhuni","temp_build_verify_3/pl/Microsoft.CodeAnalysis.CSharp.resources.dll","1","0","0"
"Agnesa Maxhuni","temp_build_verify_3/pl/Microsoft.CodeAnalysis.CSharp.Workspaces.resources.dll","1","0","0"
"Agnesa Maxhuni","temp_build_verify_3/pl/Microsoft.CodeAnalysis.resources.dll","1","0","0"
"Agnesa Maxhuni","temp_build_verify_3/pl/Microsoft.CodeAnalysis.Workspaces.resources.dll","1","0","0"
"Agnesa Maxhuni","temp_build_verify_3/pt-BR/Microsoft.CodeAnalysis.CSharp.resources.dll","1","0","0"
"Agnesa Maxhuni","temp_build_verify_3/pt-BR/Microsoft.CodeAnalysis.CSharp.Workspaces.resources.dll","1","0","0"
"Agnesa Maxhuni","temp_build_verify_3/pt-BR/Microsoft.CodeAnalysis.resources.dll","1","0","0"
"Agnesa Maxhuni","temp_build_verify_3/pt-BR/Microsoft.CodeAnalysis.Workspaces.resources.dll","1","0","0"
"Agnesa Maxhuni","temp_build_verify_3/ru/Microsoft.CodeAnalysis.CSharp.resources.dll","1","0","0"
"Agnesa Maxhuni","temp_build_verify_3/ru/Microsoft.CodeAnalysis.CSharp.Workspaces.resources.dll","1","0","0"
"Agnesa Maxhuni","temp_build_verify_3/ru/Microsoft.CodeAnalysis.resources.dll","1","0","0"
"Agnesa Maxhuni","temp_build_verify_3/ru/Microsoft.CodeAnalysis.Workspaces.resources.dll","1","0","0"
"Agnesa Maxhuni","temp_build_verify_3/Swashbuckle.AspNetCore.Swagger.dll","1","0","0"
"Agnesa Maxhuni","temp_build_verify_3/Swashbuckle.AspNetCore.SwaggerGen.dll","1","0","0"
"Agnesa Maxhuni","temp_build_verify_3/Swashbuckle.AspNetCore.SwaggerUI.dll","1","0","0"
"Agnesa Maxhuni","temp_build_verify_3/System.CodeDom.dll","1","0","0"
"Agnesa Maxhuni","temp_build_verify_3/System.Composition.AttributedModel.dll","1","0","0"
"Agnesa Maxhuni","temp_build_verify_3/System.Composition.Convention.dll","1","0","0"
"Agnesa Maxhuni","temp_build_verify_3/System.Composition.Hosting.dll","1","0","0"
"Agnesa Maxhuni","temp_build_verify_3/System.Composition.Runtime.dll","1","0","0"
"Agnesa Maxhuni","temp_build_verify_3/System.Composition.TypedParts.dll","1","0","0"
"Agnesa Maxhuni","temp_build_verify_3/System.IdentityModel.Tokens.Jwt.dll","1","0","0"
"Agnesa Maxhuni","temp_build_verify_3/tr/Microsoft.CodeAnalysis.CSharp.resources.dll","1","0","0"
"Agnesa Maxhuni","temp_build_verify_3/tr/Microsoft.CodeAnalysis.CSharp.Workspaces.resources.dll","1","0","0"
"Agnesa Maxhuni","temp_build_verify_3/tr/Microsoft.CodeAnalysis.resources.dll","1","0","0"
"Agnesa Maxhuni","temp_build_verify_3/tr/Microsoft.CodeAnalysis.Workspaces.resources.dll","1","0","0"
"Agnesa Maxhuni","temp_build_verify_3/zh-Hans/Microsoft.CodeAnalysis.CSharp.resources.dll","1","0","0"
"Agnesa Maxhuni","temp_build_verify_3/zh-Hans/Microsoft.CodeAnalysis.CSharp.Workspaces.resources.dll","1","0","0"
"Agnesa Maxhuni","temp_build_verify_3/zh-Hans/Microsoft.CodeAnalysis.resources.dll","1","0","0"
"Agnesa Maxhuni","temp_build_verify_3/zh-Hans/Microsoft.CodeAnalysis.Workspaces.resources.dll","1","0","0"
"Agnesa Maxhuni","temp_build_verify_3/zh-Hant/Microsoft.CodeAnalysis.CSharp.resources.dll","1","0","0"
"Agnesa Maxhuni","temp_build_verify_3/zh-Hant/Microsoft.CodeAnalysis.CSharp.Workspaces.resources.dll","1","0","0"
"Agnesa Maxhuni","temp_build_verify_3/zh-Hant/Microsoft.CodeAnalysis.resources.dll","1","0","0"
"Agnesa Maxhuni","temp_build_verify_3/zh-Hant/Microsoft.CodeAnalysis.Workspaces.resources.dll","1","0","0"
"Albiona Maxhuni","backend/OnlineExam.Api/Controllers/ExamsController.cs","63","7320","789"
"Albiona Maxhuni","backend/OnlineExam.Api/Program.cs","29","979","59"
"Albiona Maxhuni","backend/OnlineExam.Api/Migrations/AppDbContextModelSnapshot.cs","26","2852","1371"
"Albiona Maxhuni","backend/OnlineExam.Api/Controllers/QuestionsController.cs","21","1673","539"
"Albiona Maxhuni","docs/work-log-albiona.md","20","152","0"
"Albiona Maxhuni","frontend/src/styles/ui.css","19","1322","8"
"Albiona Maxhuni","backend/OnlineExam.Api/DTOs/ExamResultsDtos.cs","15","243","4"
"Albiona Maxhuni","frontend/src/lib/examsApi.js","15","279","138"
"Albiona Maxhuni","frontend/src/pages/exams/ExamDetailsPage.jsx","15","872","178"
"Albiona Maxhuni","frontend/src/lib/i18n.js","14","2388","106"
"Albiona Maxhuni","frontend/src/pages/exams/ExamGradebookPage.jsx","14","351","251"
"Albiona Maxhuni","backend/OnlineExam.Api/Models/ExamAttempt.cs","11","43","4"
"Albiona Maxhuni","frontend/src/routes/AppRoutes.jsx","11","64","3"
"Albiona Maxhuni","backend/OnlineExam.Api/Data/AppDbContext.cs","10","375","131"
"Albiona Maxhuni","frontend/src/App.jsx","9","295","153"
"Albiona Maxhuni","frontend/src/components/AppShell.jsx","9","95","79"
"Albiona Maxhuni","frontend/src/pages/exams/QuestionCreatePage.jsx","9","618","116"
"Albiona Maxhuni","backend/OnlineExam.Api/Controllers/CourseOfferingsController.cs","8","1034","134"
"Albiona Maxhuni","frontend/package-lock.json","8","5818","138"
"Albiona Maxhuni","frontend/src/components/RoleDashboardPanels.jsx","8","717","301"
"Albiona Maxhuni","frontend/src/components/RuntimeAlbanianTranslator.jsx","8","2010","25"
"Albiona Maxhuni","frontend/src/lib/auth.js","8","236","62"
"Albiona Maxhuni","frontend/src/pages/exams/ExamCreatePage.jsx","8","407","274"
"Albiona Maxhuni","frontend/src/pages/Login.jsx","8","326","100"
"Albiona Maxhuni","backend/OnlineExam.Api/DTOs/CreateQuestionDto.cs","7","18","5"
"Albiona Maxhuni","backend/OnlineExam.Api/Models/Question.cs","7","10","5"
"Albiona Maxhuni","frontend/src/lib/api.js","7","106","45"
"Albiona Maxhuni","frontend/src/pages/Dashboard.jsx","7","267","61"
"Albiona Maxhuni","frontend/src/pages/exams/StudentExamSessionPage.jsx","7","224","176"
"Albiona Maxhuni","frontend/src/pages/question-bank/QuestionBankPage.jsx","7","688","38"
"Albiona Maxhuni","backend/OnlineExam.Api/appsettings.Development.json","6","24","4"
"Albiona Maxhuni","backend/OnlineExam.Api/Controllers/DashboardController.cs","6","598","30"
"Albiona Maxhuni","backend/OnlineExam.Api/DTOs/QuestionBankDtos.cs","6","52","4"
"Albiona Maxhuni","backend/OnlineExam.Api/DTOs/RandomExamGenerationDtos.cs","6","68","0"
"Albiona Maxhuni","backend/OnlineExam.Api/Services/SmuApiClient.cs","6","218","8"
"Albiona Maxhuni","frontend/src/main.jsx","6","42","11"
"Albiona Maxhuni","frontend/src/pages/exams/StudentResultsPage.jsx","6","268","432"
"Albiona Maxhuni","frontend/vite.config.js","6","84","12"
"Albiona Maxhuni","README.md","6","326","27"
"Albiona Maxhuni","backend/OnlineExam.Api/Controllers/AuthController.cs","5","104","57"
"Albiona Maxhuni","frontend/package.json","5","53","18"
"Albiona Maxhuni","frontend/src/lib/academicApi.js","5","96","0"
"Albiona Maxhuni",".gitignore","4","6","0"
"Albiona Maxhuni","backend/OnlineExam.Api/Controllers/CourseOfferingStaffAssignmentsController.cs","4","482","2"
"Albiona Maxhuni","backend/OnlineExam.Api/Controllers/SmuIntegrationController.cs","4","144","2"
"Albiona Maxhuni","backend/OnlineExam.Api/Controllers/UsersController.cs","4","256","42"
"Albiona Maxhuni","backend/OnlineExam.Api/DTOs/CreateExamDto.cs","4","23","14"
"Albiona Maxhuni","backend/OnlineExam.Api/DTOs/RecordExamIntegrityEventDto.cs","4","74","0"
"Albiona Maxhuni","backend/OnlineExam.Api/DTOs/SmuIntegrationDtos.cs","4","440","0"
"Albiona Maxhuni","backend/OnlineExam.Api/Migrations/20260417093725_ImplementAcademicStructure.cs","4","1522","970"
"Albiona Maxhuni","backend/OnlineExam.Api/Migrations/20260510143000_AddUniqueExamAttemptConstraint.cs","4","58","0"
"Albiona Maxhuni","backend/OnlineExam.Api/Migrations/20260510154500_AddExamAttemptDraftState.cs","4","164","0"
"Albiona Maxhuni","backend/OnlineExam.Api/Models/Exam.cs","4","10","2"
"Albiona Maxhuni","backend/OnlineExam.Api/Models/ExamIntegrityEvent.cs","4","42","0"
"Albiona Maxhuni","backend/OnlineExam.Api/Services/ISmuMappingService.cs","4","20","0"
"Albiona Maxhuni","backend/OnlineExam.Api/Services/SmuMappingService.cs","4","446","2"
"Albiona Maxhuni","frontend/src/pages/admin/AdminUsersPage.jsx","4","342","206"
"Albiona Maxhuni","frontend/src/pages/question-bank/QuestionBankEditorPage.jsx","4","974","48"
"Albiona Maxhuni","frontend/src/routes/ProtectedRoute.jsx","4","34","10"
"Albiona Maxhuni","docker-compose.yml","3","15","5"
"Albiona Maxhuni","docs/17-chatgpt-prompts.md","3","831","0"
"Albiona Maxhuni","frontend/src/App.css","3","420","184"
"Albiona Maxhuni","frontend/src/pages/exams/ExamsListPage.jsx","3","128","36"
"Albiona Maxhuni","backend/OnlineExam.Api/Controllers/AuditLogsController.cs","2","100","0"
"Albiona Maxhuni","backend/OnlineExam.Api/Controllers/CarryOversController.cs","2","382","0"
"Albiona Maxhuni","backend/OnlineExam.Api/Controllers/CoursesController.cs","2","268","142"
"Albiona Maxhuni","backend/OnlineExam.Api/Controllers/ExamController.cs","2","0","382"
"Albiona Maxhuni","backend/OnlineExam.Api/Controllers/ReportsController.cs","2","586","0"
"Albiona Maxhuni","backend/OnlineExam.Api/Controllers/SemesterEnrollmentsController.cs","2","392","0"
"Albiona Maxhuni","backend/OnlineExam.Api/Controllers/StudentCourseEnrollmentsController.cs","2","374","0"
"Albiona Maxhuni","backend/OnlineExam.Api/Controllers/StudentIdentitiesController.cs","2","538","0"
"Albiona Maxhuni","backend/OnlineExam.Api/Controllers/TermsController.cs","2","380","34"
"Albiona Maxhuni","backend/OnlineExam.Api/Docs/Sprint24BackendValidation.md","2","274","0"
"Albiona Maxhuni","backend/OnlineExam.Api/DTOs/ApiErrorResponse.cs","2","250","0"
"Albiona Maxhuni","backend/OnlineExam.Api/DTOs/AssignCarryOverOfferingDto.cs","2","12","0"
"Albiona Maxhuni","backend/OnlineExam.Api/DTOs/BuildExamParamsDto.cs","2","0","2"
"Albiona Maxhuni","backend/OnlineExam.Api/DTOs/CourseOfferingResponseDto.cs","2","26","0"
"Albiona Maxhuni","backend/OnlineExam.Api/DTOs/CreateCarryOverCourseDto.cs","2","18","0"
"Albiona Maxhuni","backend/OnlineExam.Api/DTOs/CreateCourseDto.cs","2","24","0"
"Albiona Maxhuni","backend/OnlineExam.Api/DTOs/CreateCourseOfferingDto.cs","2","26","24"
"Albiona Maxhuni","backend/OnlineExam.Api/DTOs/CreateCourseOfferingStaffAssignmentDto.cs","2","18","0"
"Albiona Maxhuni","backend/OnlineExam.Api/DTOs/CreateExamAttemptDto.cs","2","6","0"
"Albiona Maxhuni","backend/OnlineExam.Api/DTOs/CreateSemesterEnrollmentDto.cs","2","20","0"
"Albiona Maxhuni","backend/OnlineExam.Api/DTOs/CreateStudentCourseEnrollmentDto.cs","2","20","0"
"Albiona Maxhuni","backend/OnlineExam.Api/DTOs/CreateTermDto.cs","2","28","0"
"Albiona Maxhuni","backend/OnlineExam.Api/DTOs/CreateUserDto.cs","2","2","0"
"Albiona Maxhuni","backend/OnlineExam.Api/DTOs/ExamAccessDtos.cs","2","6","0"
"Albiona Maxhuni","backend/OnlineExam.Api/DTOs/ExamAttemptResultDto.cs","2","28","0"
"Albiona Maxhuni","backend/OnlineExam.Api/DTOs/ExamIntegritySummaryDtos.cs","2","130","0"
"Albiona Maxhuni","backend/OnlineExam.Api/DTOs/ExamLockdownDtos.cs","2","28","0"
"Albiona Maxhuni","backend/OnlineExam.Api/DTOs/ImportUsersDto.cs","2","2","0"
"Albiona Maxhuni","backend/OnlineExam.Api/DTOs/LoginResponseDto.cs","2","8","2"
"Albiona Maxhuni","backend/OnlineExam.Api/DTOs/QuestionTechnicalMetadataDto.cs","2","288","0"
"Albiona Maxhuni","backend/OnlineExam.Api/DTOs/StudentIdentityDtos.cs","2","40","0"
"Albiona Maxhuni","backend/OnlineExam.Api/DTOs/UpdateCourseDto.cs","2","12","0"
"Albiona Maxhuni","backend/OnlineExam.Api/DTOs/UpdateCourseOfferingDto.cs","2","26","0"
"Albiona Maxhuni","backend/OnlineExam.Api/DTOs/UpdateCourseOfferingStaffAssignmentDto.cs","2","16","0"
"Albiona Maxhuni","backend/OnlineExam.Api/DTOs/UpdateSemesterEnrollmentDto.cs","2","18","0"
"Albiona Maxhuni","backend/OnlineExam.Api/DTOs/UpdateStudentCourseEnrollmentDto.cs","2","14","0"
"Albiona Maxhuni","backend/OnlineExam.Api/DTOs/UpdateTermDto.cs","2","12","0"
"Albiona Maxhuni","backend/OnlineExam.Api/DTOs/UpdateUserDto.cs","2","2","0"
"Albiona Maxhuni","backend/OnlineExam.Api/DTOs/UserResponseDto.cs","2","6","0"
"Albiona Maxhuni","backend/OnlineExam.Api/Exceptions/ExternalServiceException.cs","2","40","0"
"Albiona Maxhuni","backend/OnlineExam.Api/Filters/ApiErrorResponseFilter.cs","2","116","0"
"Albiona Maxhuni","backend/OnlineExam.Api/Migrations/20260417093725_ImplementAcademicStructure.Designer.cs","2","1274","0"
"Albiona Maxhuni","backend/OnlineExam.Api/Migrations/20260424003000_AddMissingExamCourseOfferingColumn.cs","2","8","0"
"Albiona Maxhuni","backend/OnlineExam.Api/Migrations/20260504100716_AddQuestionOptionsJson.cs","2","142","0"
"Albiona Maxhuni","backend/OnlineExam.Api/Migrations/20260504100716_AddQuestionOptionsJson.Designer.cs","2","1406","0"
"Albiona Maxhuni","backend/OnlineExam.Api/Migrations/20260504211120_RemoveQuestionDifficulty.cs","2","142","0"
"Albiona Maxhuni","backend/OnlineExam.Api/Migrations/20260504211120_RemoveQuestionDifficulty.Designer.cs","2","1400","0"
"Albiona Maxhuni","backend/OnlineExam.Api/Migrations/20260509145156_AddExamAttemptGradingAndPublishing.cs","2","366","0"
"Albiona Maxhuni","backend/OnlineExam.Api/Migrations/20260509145156_AddExamAttemptGradingAndPublishing.Designer.cs","2","1460","0"
"Albiona Maxhuni","backend/OnlineExam.Api/Migrations/20260509191339_AddAuditLogs.cs","2","188","0"
"Albiona Maxhuni","backend/OnlineExam.Api/Migrations/20260509191339_AddAuditLogs.Designer.cs","2","1564","0"
"Albiona Maxhuni","backend/OnlineExam.Api/Migrations/20260512112905_AddExamIntegrityEvents.cs","2","118","0"
"Albiona Maxhuni","backend/OnlineExam.Api/Migrations/20260512112905_AddExamIntegrityEvents.Designer.cs","2","1714","0"
"Albiona Maxhuni","backend/OnlineExam.Api/Migrations/20260515061706_AddExamIntegrityPolicyState.cs","2","318","0"
"Albiona Maxhuni","backend/OnlineExam.Api/Migrations/20260515061706_AddExamIntegrityPolicyState.Designer.cs","2","1760","0"
"Albiona Maxhuni","backend/OnlineExam.Api/Migrations/20260515070143_AddExamLockdownConfiguration.cs","2","84","0"
"Albiona Maxhuni","backend/OnlineExam.Api/Migrations/20260515070143_AddExamLockdownConfiguration.Designer.cs","2","1782","0"
"Albiona Maxhuni","backend/OnlineExam.Api/Migrations/20260617000100_AddExamMaximumPoints.cs","2","74","0"
"Albiona Maxhuni","backend/OnlineExam.Api/Migrations/20260626224745_AddOfficialStudentIdentity.cs","2","240","0"
"Albiona Maxhuni","backend/OnlineExam.Api/Migrations/20260626224745_AddOfficialStudentIdentity.Designer.cs","2","2150","0"
"Albiona Maxhuni","backend/OnlineExam.Api/Models/AuditLog.cs","2","62","0"
"Albiona Maxhuni","backend/OnlineExam.Api/Models/CarryOverCourse.cs","2","52","0"
"Albiona Maxhuni","backend/OnlineExam.Api/Models/Course.cs","2","48","18"
"Albiona Maxhuni","backend/OnlineExam.Api/Models/CourseOffering.cs","2","70","30"
"Albiona Maxhuni","backend/OnlineExam.Api/Models/CourseOfferingStaffAssignment.cs","2","52","0"
"Albiona Maxhuni","backend/OnlineExam.Api/Models/SemesterEnrollment.cs","2","48","0"
"Albiona Maxhuni","backend/OnlineExam.Api/Models/StudentCourseEnrollment.cs","2","46","0"
"Albiona Maxhuni","backend/OnlineExam.Api/Models/Term.cs","2","62","18"
"Albiona Maxhuni","backend/OnlineExam.Api/Models/User.cs","2","14","2"
"Albiona Maxhuni","backend/OnlineExam.Api/Services/AuditLogService.cs","2","110","0"
"Albiona Maxhuni","backend/OnlineExam.Api/Services/IAuditLogService.cs","2","24","0"
"Albiona Maxhuni","backend/OnlineExam.Api/Services/ISmuApiClient.cs","2","16","0"
"Albiona Maxhuni","backend/OnlineExam.Api/Services/ISmuSyncService.cs","2","18","0"
"Albiona Maxhuni","backend/OnlineExam.Api/Services/IStudentPhotoStorageService.cs","2","24","0"
"Albiona Maxhuni","backend/OnlineExam.Api/Services/SmuSyncService.cs","2","1000","0"
"Albiona Maxhuni","backend/OnlineExam.Api/Services/StudentPhotoStorageService.cs","2","226","0"
"Albiona Maxhuni","docs/professor-assigned-offerings-workspace.md","2","74","0"
"Albiona Maxhuni","frontend/.env.example","2","4","0"
"Albiona Maxhuni","frontend/.gitignore","2","48","0"
"Albiona Maxhuni","frontend/eslint.config.js","2","58","0"
"Albiona Maxhuni","frontend/index.html","2","26","0"
"Albiona Maxhuni","frontend/public/favicon.svg","2","2","0"
"Albiona Maxhuni","frontend/public/icons.svg","2","48","0"
"Albiona Maxhuni","frontend/public/student-photo-placeholder.svg","2","16","0"
"Albiona Maxhuni","frontend/README.md","2","32","0"
"Albiona Maxhuni","frontend/src/assets/hero.png","2","0","0"
"Albiona Maxhuni","frontend/src/assets/react.svg","2","2","0"
"Albiona Maxhuni","frontend/src/assets/vite.svg","2","2","0"
"Albiona Maxhuni","frontend/src/components/LanguageSwitcher.jsx","2","40","0"
"Albiona Maxhuni","frontend/src/components/SmuSourceBanner.jsx","2","16","8"
"Albiona Maxhuni","frontend/src/components/StudentIdentityCard.jsx","2","122","0"
"Albiona Maxhuni","frontend/src/index.css","2","222","0"
"Albiona Maxhuni","frontend/src/lib/dashboardApi.js","2","12","0"
"Albiona Maxhuni","frontend/src/lib/questionBankApi.js","2","50","0"
"Albiona Maxhuni","frontend/src/lib/studentIdentityApi.js","2","44","0"
"Albiona Maxhuni","frontend/src/lib/usersApi.js","2","18","0"
"Albiona Maxhuni","frontend/src/pages/exams/ExamsListPage.tsx","2","157","157"
"Albiona Maxhuni","frontend/src/pages/exams/QuestionCreatePage.tsx","2","153","153"
"Albiona Maxhuni","frontend/src/pages/offerings/OfferingRosterPage.jsx","2","328","0"
"Albiona Maxhuni","frontend/src/routes/AppRoutes.tsx","2","78","78"
"Albiona Maxhuni","frontend/src/routes/RoleGuard.jsx","2","62","36"
"Albiona Maxhuni","frontend/src/styles/theme.css","2","82","0"
"Albiona Maxhuni","frontend/src/types/exams.ts","2","21","2"
"Albiona Maxhuni","scripts/start-backend.ps1","2","82","0"
"Albiona Maxhuni","scripts/stop-backend.ps1","2","22","0"
"Albiona Maxhuni","temp_build_verify_2/appsettings.Development.json","2","30","0"
"Albiona Maxhuni","temp_build_verify_2/appsettings.json","2","28","0"
"Albiona Maxhuni","temp_build_verify_2/BCrypt.Net-Next.dll","2","0","0"
"Albiona Maxhuni","temp_build_verify_2/cs/Microsoft.CodeAnalysis.CSharp.resources.dll","2","0","0"
"Albiona Maxhuni","temp_build_verify_2/cs/Microsoft.CodeAnalysis.CSharp.Workspaces.resources.dll","2","0","0"
"Albiona Maxhuni","temp_build_verify_2/cs/Microsoft.CodeAnalysis.resources.dll","2","0","0"
"Albiona Maxhuni","temp_build_verify_2/cs/Microsoft.CodeAnalysis.Workspaces.resources.dll","2","0","0"
"Albiona Maxhuni","temp_build_verify_2/de/Microsoft.CodeAnalysis.CSharp.resources.dll","2","0","0"
"Albiona Maxhuni","temp_build_verify_2/de/Microsoft.CodeAnalysis.CSharp.Workspaces.resources.dll","2","0","0"
"Albiona Maxhuni","temp_build_verify_2/de/Microsoft.CodeAnalysis.resources.dll","2","0","0"
"Albiona Maxhuni","temp_build_verify_2/de/Microsoft.CodeAnalysis.Workspaces.resources.dll","2","0","0"
"Albiona Maxhuni","temp_build_verify_2/es/Microsoft.CodeAnalysis.CSharp.resources.dll","2","0","0"
"Albiona Maxhuni","temp_build_verify_2/es/Microsoft.CodeAnalysis.CSharp.Workspaces.resources.dll","2","0","0"
"Albiona Maxhuni","temp_build_verify_2/es/Microsoft.CodeAnalysis.resources.dll","2","0","0"
"Albiona Maxhuni","temp_build_verify_2/es/Microsoft.CodeAnalysis.Workspaces.resources.dll","2","0","0"
"Albiona Maxhuni","temp_build_verify_2/fr/Microsoft.CodeAnalysis.CSharp.resources.dll","2","0","0"
"Albiona Maxhuni","temp_build_verify_2/fr/Microsoft.CodeAnalysis.CSharp.Workspaces.resources.dll","2","0","0"
"Albiona Maxhuni","temp_build_verify_2/fr/Microsoft.CodeAnalysis.resources.dll","2","0","0"
"Albiona Maxhuni","temp_build_verify_2/fr/Microsoft.CodeAnalysis.Workspaces.resources.dll","2","0","0"
"Albiona Maxhuni","temp_build_verify_2/Humanizer.dll","2","0","0"
"Albiona Maxhuni","temp_build_verify_2/it/Microsoft.CodeAnalysis.CSharp.resources.dll","2","0","0"
"Albiona Maxhuni","temp_build_verify_2/it/Microsoft.CodeAnalysis.CSharp.Workspaces.resources.dll","2","0","0"
"Albiona Maxhuni","temp_build_verify_2/it/Microsoft.CodeAnalysis.resources.dll","2","0","0"
"Albiona Maxhuni","temp_build_verify_2/it/Microsoft.CodeAnalysis.Workspaces.resources.dll","2","0","0"
"Albiona Maxhuni","temp_build_verify_2/ja/Microsoft.CodeAnalysis.CSharp.resources.dll","2","0","0"
"Albiona Maxhuni","temp_build_verify_2/ja/Microsoft.CodeAnalysis.CSharp.Workspaces.resources.dll","2","0","0"
"Albiona Maxhuni","temp_build_verify_2/ja/Microsoft.CodeAnalysis.resources.dll","2","0","0"
"Albiona Maxhuni","temp_build_verify_2/ja/Microsoft.CodeAnalysis.Workspaces.resources.dll","2","0","0"
"Albiona Maxhuni","temp_build_verify_2/ko/Microsoft.CodeAnalysis.CSharp.resources.dll","2","0","0"
"Albiona Maxhuni","temp_build_verify_2/ko/Microsoft.CodeAnalysis.CSharp.Workspaces.resources.dll","2","0","0"
"Albiona Maxhuni","temp_build_verify_2/ko/Microsoft.CodeAnalysis.resources.dll","2","0","0"
"Albiona Maxhuni","temp_build_verify_2/ko/Microsoft.CodeAnalysis.Workspaces.resources.dll","2","0","0"
"Albiona Maxhuni","temp_build_verify_2/Microsoft.AspNetCore.Authentication.JwtBearer.dll","2","0","0"
"Albiona Maxhuni","temp_build_verify_2/Microsoft.AspNetCore.OpenApi.dll","2","0","0"
"Albiona Maxhuni","temp_build_verify_2/Microsoft.Bcl.AsyncInterfaces.dll","2","0","0"
"Albiona Maxhuni","temp_build_verify_2/Microsoft.CodeAnalysis.CSharp.dll","2","0","0"
"Albiona Maxhuni","temp_build_verify_2/Microsoft.CodeAnalysis.CSharp.Workspaces.dll","2","0","0"
"Albiona Maxhuni","temp_build_verify_2/Microsoft.CodeAnalysis.dll","2","0","0"
"Albiona Maxhuni","temp_build_verify_2/Microsoft.CodeAnalysis.Workspaces.dll","2","0","0"
"Albiona Maxhuni","temp_build_verify_2/Microsoft.EntityFrameworkCore.Abstractions.dll","2","0","0"
"Albiona Maxhuni","temp_build_verify_2/Microsoft.EntityFrameworkCore.Design.dll","2","0","0"
"Albiona Maxhuni","temp_build_verify_2/Microsoft.EntityFrameworkCore.dll","2","0","0"
"Albiona Maxhuni","temp_build_verify_2/Microsoft.EntityFrameworkCore.Relational.dll","2","0","0"
"Albiona Maxhuni","temp_build_verify_2/Microsoft.Extensions.DependencyModel.dll","2","0","0"
"Albiona Maxhuni","temp_build_verify_2/Microsoft.IdentityModel.Abstractions.dll","2","0","0"
"Albiona Maxhuni","temp_build_verify_2/Microsoft.IdentityModel.JsonWebTokens.dll","2","0","0"
"Albiona Maxhuni","temp_build_verify_2/Microsoft.IdentityModel.Logging.dll","2","0","0"
"Albiona Maxhuni","temp_build_verify_2/Microsoft.IdentityModel.Protocols.dll","2","0","0"
"Albiona Maxhuni","temp_build_verify_2/Microsoft.IdentityModel.Protocols.OpenIdConnect.dll","2","0","0"
"Albiona Maxhuni","temp_build_verify_2/Microsoft.IdentityModel.Tokens.dll","2","0","0"
"Albiona Maxhuni","temp_build_verify_2/Microsoft.OpenApi.dll","2","0","0"
"Albiona Maxhuni","temp_build_verify_2/Mono.TextTemplating.dll","2","0","0"
"Albiona Maxhuni","temp_build_verify_2/Npgsql.dll","2","0","0"
"Albiona Maxhuni","temp_build_verify_2/Npgsql.EntityFrameworkCore.PostgreSQL.dll","2","0","0"
"Albiona Maxhuni","temp_build_verify_2/OnlineExam.Api.deps.json","2","2104","0"
"Albiona Maxhuni","temp_build_verify_2/OnlineExam.Api.dll","2","0","0"
"Albiona Maxhuni","temp_build_verify_2/OnlineExam.Api.exe","2","0","0"
"Albiona Maxhuni","temp_build_verify_2/OnlineExam.Api.pdb","2","0","0"
"Albiona Maxhuni","temp_build_verify_2/OnlineExam.Api.runtimeconfig.json","2","40","0"
"Albiona Maxhuni","temp_build_verify_2/pl/Microsoft.CodeAnalysis.CSharp.resources.dll","2","0","0"
"Albiona Maxhuni","temp_build_verify_2/pl/Microsoft.CodeAnalysis.CSharp.Workspaces.resources.dll","2","0","0"
"Albiona Maxhuni","temp_build_verify_2/pl/Microsoft.CodeAnalysis.resources.dll","2","0","0"
"Albiona Maxhuni","temp_build_verify_2/pl/Microsoft.CodeAnalysis.Workspaces.resources.dll","2","0","0"
"Albiona Maxhuni","temp_build_verify_2/pt-BR/Microsoft.CodeAnalysis.CSharp.resources.dll","2","0","0"
"Albiona Maxhuni","temp_build_verify_2/pt-BR/Microsoft.CodeAnalysis.CSharp.Workspaces.resources.dll","2","0","0"
"Albiona Maxhuni","temp_build_verify_2/pt-BR/Microsoft.CodeAnalysis.resources.dll","2","0","0"
"Albiona Maxhuni","temp_build_verify_2/pt-BR/Microsoft.CodeAnalysis.Workspaces.resources.dll","2","0","0"
"Albiona Maxhuni","temp_build_verify_2/ru/Microsoft.CodeAnalysis.CSharp.resources.dll","2","0","0"
"Albiona Maxhuni","temp_build_verify_2/ru/Microsoft.CodeAnalysis.CSharp.Workspaces.resources.dll","2","0","0"
"Albiona Maxhuni","temp_build_verify_2/ru/Microsoft.CodeAnalysis.resources.dll","2","0","0"
"Albiona Maxhuni","temp_build_verify_2/ru/Microsoft.CodeAnalysis.Workspaces.resources.dll","2","0","0"
"Albiona Maxhuni","temp_build_verify_2/Swashbuckle.AspNetCore.Swagger.dll","2","0","0"
"Albiona Maxhuni","temp_build_verify_2/Swashbuckle.AspNetCore.SwaggerGen.dll","2","0","0"
"Albiona Maxhuni","temp_build_verify_2/Swashbuckle.AspNetCore.SwaggerUI.dll","2","0","0"
"Albiona Maxhuni","temp_build_verify_2/System.CodeDom.dll","2","0","0"
"Albiona Maxhuni","temp_build_verify_2/System.Composition.AttributedModel.dll","2","0","0"
"Albiona Maxhuni","temp_build_verify_2/System.Composition.Convention.dll","2","0","0"
"Albiona Maxhuni","temp_build_verify_2/System.Composition.Hosting.dll","2","0","0"
"Albiona Maxhuni","temp_build_verify_2/System.Composition.Runtime.dll","2","0","0"
"Albiona Maxhuni","temp_build_verify_2/System.Composition.TypedParts.dll","2","0","0"
"Albiona Maxhuni","temp_build_verify_2/System.IdentityModel.Tokens.Jwt.dll","2","0","0"
"Albiona Maxhuni","temp_build_verify_2/tr/Microsoft.CodeAnalysis.CSharp.resources.dll","2","0","0"
"Albiona Maxhuni","temp_build_verify_2/tr/Microsoft.CodeAnalysis.CSharp.Workspaces.resources.dll","2","0","0"
"Albiona Maxhuni","temp_build_verify_2/tr/Microsoft.CodeAnalysis.resources.dll","2","0","0"
"Albiona Maxhuni","temp_build_verify_2/tr/Microsoft.CodeAnalysis.Workspaces.resources.dll","2","0","0"
"Albiona Maxhuni","temp_build_verify_2/zh-Hans/Microsoft.CodeAnalysis.CSharp.resources.dll","2","0","0"
"Albiona Maxhuni","temp_build_verify_2/zh-Hans/Microsoft.CodeAnalysis.CSharp.Workspaces.resources.dll","2","0","0"
"Albiona Maxhuni","temp_build_verify_2/zh-Hans/Microsoft.CodeAnalysis.resources.dll","2","0","0"
"Albiona Maxhuni","temp_build_verify_2/zh-Hans/Microsoft.CodeAnalysis.Workspaces.resources.dll","2","0","0"
"Albiona Maxhuni","temp_build_verify_2/zh-Hant/Microsoft.CodeAnalysis.CSharp.resources.dll","2","0","0"
"Albiona Maxhuni","temp_build_verify_2/zh-Hant/Microsoft.CodeAnalysis.CSharp.Workspaces.resources.dll","2","0","0"
"Albiona Maxhuni","temp_build_verify_2/zh-Hant/Microsoft.CodeAnalysis.resources.dll","2","0","0"
"Albiona Maxhuni","temp_build_verify_2/zh-Hant/Microsoft.CodeAnalysis.Workspaces.resources.dll","2","0","0"
"Albiona Maxhuni","backend/OnlineExam.Api/Migrations/20260420120000_AddQuestionProgrammingSupport.cs","1","45","0"
"Albiona Maxhuni","docs/05-user-stories.md","1","178","0"
"Albiona Maxhuni","docs/06-use-cases.md","1","121","0"
"Albiona Maxhuni","docs/10-ui-pages.md","1","101","0"
"Albiona Maxhuni","docs/work-log.md","1","10","0"
"Albiona Maxhuni","frontend/api/http.ts","1","39","0"
"Albiona Maxhuni","frontend/src/lib/mockExamsDb.js","1","97","0"
"Albiona Maxhuni","frontend/src/lib/permissions.js","1","3","0"
"Albiona Maxhuni","frontend/src/pages/admin/AdminCoursesPage.jsx","1","515","0"
"Albiona Maxhuni","frontend/src/pages/admin/AdminOfferingsPage.jsx","1","921","0"
"Albiona Maxhuni","frontend/src/pages/AdminUsersPage.jsx","1","168","0"
"Albiona Maxhuni","frontend/src/pages/exams/{ExamCreatePage.tsx => ExamCreatePage.jsx}","1","25","51"
"Albiona Maxhuni","frontend/src/pages/exams/{ExamDetailsPage.tsx => ExamDetailsPage.jsx}","1","21","41"
"Albiona Maxhuni","frontend/src/pages/exams/ExamCreatePage.tsx","1","134","0"
"Albiona Maxhuni","frontend/src/pages/exams/ExamDetailsPage.tsx","1","140","0"
"Albiona Maxhuni","frontend/src/pages/exams/ExamMonitorPage.jsx","1","0","209"
"Albiona Maxhuni","frontend/src/pages/question-bank/AiMaterialUploadPage.jsx","1","434","0"
"Albiona Maxhuni","frontend/src/pages/question-bank/GeneratedQuestionReviewPage.jsx","1","10","1"
"Alma Muzliukaj","frontend/src/styles/ui.css","26","4369","510"
"Alma Muzliukaj","backend/OnlineExam.Api/Controllers/ExamsController.cs","23","1078","651"
"Alma Muzliukaj","backend/OnlineExam.Api/Program.cs","13","315","65"
"Alma Muzliukaj","frontend/src/lib/examsApi.js","12","58","22"
"Alma Muzliukaj","frontend/src/pages/exams/ExamDetailsPage.jsx","12","350","211"
"Alma Muzliukaj","frontend/src/pages/exams/ExamGradebookPage.jsx","10","510","379"
"Alma Muzliukaj","frontend/src/pages/exams/StudentExamSessionPage.jsx","10","1878","824"
"Alma Muzliukaj","frontend/src/pages/exams/ExamCreatePage.jsx","9","302","304"
"Alma Muzliukaj","frontend/src/pages/exams/ExamsListPage.jsx","9","196","64"
"Alma Muzliukaj","frontend/src/lib/i18n.js","8","583","26"
"Alma Muzliukaj","backend/OnlineExam.Api/Controllers/AuthController.cs","7","180","60"
"Alma Muzliukaj","backend/OnlineExam.Api/Controllers/QuestionsController.cs","7","308","27"
"Alma Muzliukaj","backend/OnlineExam.Api/Migrations/AppDbContextModelSnapshot.cs","7","387","49"
"Alma Muzliukaj","frontend/src/routes/AppRoutes.jsx","7","19","5"
"Alma Muzliukaj","frontend/src/components/AppShell.jsx","6","125","49"
"Alma Muzliukaj","frontend/src/components/RoleDashboardPanels.jsx","6","563","432"
"Alma Muzliukaj","frontend/src/pages/Login.jsx","6","26","16"
"Alma Muzliukaj","backend/OnlineExam.Api/Data/AppDbContext.cs","5","95","8"
"Alma Muzliukaj","backend/OnlineExam.Api/Models/Exam.cs","5","59","9"
"Alma Muzliukaj","frontend/src/pages/exams/ExamMonitorPage.jsx","5","540","597"
"Alma Muzliukaj","backend/OnlineExam.Api/appsettings.Development.json","4","18","3"
"Alma Muzliukaj","backend/OnlineExam.Api/Models/Question.cs","4","25","9"
"Alma Muzliukaj","frontend/package.json","4","16","13"
"Alma Muzliukaj","frontend/package-lock.json","4","131","23"
"Alma Muzliukaj","frontend/src/pages/exams/QuestionCreatePage.jsx","4","288","114"
"Alma Muzliukaj","backend/OnlineExam.Api/DTOs/CreateExamDto.cs","3","16","3"
"Alma Muzliukaj","backend/OnlineExam.Api/DTOs/CreateQuestionDto.cs","3","12","0"
"Alma Muzliukaj","backend/OnlineExam.Api/DTOs/ExamAttemptResultDto.cs","3","21","0"
"Alma Muzliukaj","backend/OnlineExam.Api/DTOs/ExamResultsDtos.cs","3","48","0"
"Alma Muzliukaj","backend/OnlineExam.Api/OnlineExam.Api.csproj","3","24","0"
"Alma Muzliukaj","frontend/src/components/LanguageSwitcher.jsx","3","69","13"
"Alma Muzliukaj","frontend/src/components/RuntimeAlbanianTranslator.jsx","3","18","19"
"Alma Muzliukaj","frontend/src/lib/api.js","3","8","21"
"Alma Muzliukaj","frontend/src/pages/admin/AdminAcademicStructurePage.jsx","3","144","24"
"Alma Muzliukaj","frontend/src/pages/admin/AdminEnrollmentsPage.jsx","3","411","215"
"Alma Muzliukaj","frontend/src/pages/exams/StudentResultsPage.jsx","3","361","82"
"Alma Muzliukaj","frontend/src/styles/theme.css","3","61","35"
"Alma Muzliukaj","README.md","3","291","58"
"Alma Muzliukaj","backend/OnlineExam.Api/.dockerignore","2","18","0"
"Alma Muzliukaj","backend/OnlineExam.Api/appsettings.json","2","15","1"
"Alma Muzliukaj","backend/OnlineExam.Api/Controllers/CourseOfferingsController.cs","2","150","5"
"Alma Muzliukaj","backend/OnlineExam.Api/Controllers/DashboardController.cs","2","17","7"
"Alma Muzliukaj","backend/OnlineExam.Api/Controllers/ExamController.cs","2","293","21"
"Alma Muzliukaj","backend/OnlineExam.Api/Controllers/StudentCourseEnrollmentsController.cs","2","150","1"
"Alma Muzliukaj","backend/OnlineExam.Api/Controllers/UsersController.cs","2","110","3"
"Alma Muzliukaj","backend/OnlineExam.Api/Dockerfile","2","34","0"
"Alma Muzliukaj","backend/OnlineExam.Api/DTOs/ExamAccessDtos.cs","2","30","0"
"Alma Muzliukaj","backend/OnlineExam.Api/Models/ExamAttempt.cs","2","15","0"
"Alma Muzliukaj","docs/work-log-alma.md","2","57","0"
"Alma Muzliukaj","frontend/index.html","2","3","3"
"Alma Muzliukaj","frontend/src/pages/admin/AdminUsersPage.jsx","2","95","29"
"Alma Muzliukaj","frontend/src/pages/Dashboard.jsx","2","7","7"
"Alma Muzliukaj","frontend/src/pages/question-bank/QuestionBankEditorPage.jsx","2","103","56"
"Alma Muzliukaj","frontend/src/pages/question-bank/QuestionBankPage.jsx","2","403","43"
"Alma Muzliukaj","frontend/vercel.json","2","18","0"
"Alma Muzliukaj",".gitignore","1","12","0"
"Alma Muzliukaj","backend/OnlineExam.Api/Controllers/CoursesController.cs","1","82","0"
"Alma Muzliukaj","backend/OnlineExam.Api/Controllers/TermsController.cs","1","28","0"
"Alma Muzliukaj","backend/OnlineExam.Api/DTOs/BuildExamParamsDto.cs","1","12","0"
"Alma Muzliukaj","backend/OnlineExam.Api/DTOs/CourseOfferingResponseDto.cs","1","64","0"
"Alma Muzliukaj","backend/OnlineExam.Api/DTOs/CreateCourseOfferingDto.cs","1","14","0"
"Alma Muzliukaj","backend/OnlineExam.Api/DTOs/CreateExamAttemptDto.cs","1","17","0"
"Alma Muzliukaj","backend/OnlineExam.Api/DTOs/CreateUserDto.cs","1","8","0"
"Alma Muzliukaj","backend/OnlineExam.Api/DTOs/ExamDto.cs","1","21","0"
"Alma Muzliukaj","backend/OnlineExam.Api/DTOs/LoginRequestDto.cs","1","8","0"
"Alma Muzliukaj","backend/OnlineExam.Api/DTOs/LoginResponseDto.cs","1","10","0"
"Alma Muzliukaj","backend/OnlineExam.Api/DTOs/PublishExamDto.cs","1","7","0"
"Alma Muzliukaj","backend/OnlineExam.Api/DTOs/QuestionBankDtos.cs","1","4","0"
"Alma Muzliukaj","backend/OnlineExam.Api/DTOs/QuestionDto.cs","1","11","0"
"Alma Muzliukaj","backend/OnlineExam.Api/DTOs/RandomExamGenerationDtos.cs","1","4","0"
"Alma Muzliukaj","backend/OnlineExam.Api/DTOs/UserResponseDto.cs","1","8","0"
"Alma Muzliukaj","backend/OnlineExam.Api/Migrations/20260403073935_InitialCreate.cs","1","51","0"
"Alma Muzliukaj","backend/OnlineExam.Api/Migrations/20260403073935_InitialCreate.Designer.cs","1","95","0"
"Alma Muzliukaj","backend/OnlineExam.Api/Migrations/20260406193718_Sprint2_ExamAndQuestion.cs","1","116","0"
"Alma Muzliukaj","backend/OnlineExam.Api/Migrations/20260406193718_Sprint2_ExamAndQuestion.Designer.cs","1","156","0"
"Alma Muzliukaj","backend/OnlineExam.Api/Migrations/20260406214039_AddCreatedByUserIdToExam.cs","1","155","0"
"Alma Muzliukaj","backend/OnlineExam.Api/Migrations/20260406214039_AddCreatedByUserIdToExam.Designer.cs","1","177","0"
"Alma Muzliukaj","backend/OnlineExam.Api/Migrations/20260413204437_AddAcademicEntities.cs","1","145","0"
"Alma Muzliukaj","backend/OnlineExam.Api/Migrations/20260413204437_AddAcademicEntities.Designer.cs","1","264","0"
"Alma Muzliukaj","backend/OnlineExam.Api/Migrations/20260417082126_AddExamStatus.cs","1","153","0"
"Alma Muzliukaj","backend/OnlineExam.Api/Migrations/20260417082126_AddExamStatus.Designer.cs","1","327","0"
"Alma Muzliukaj","backend/OnlineExam.Api/Migrations/20260424003000_AddMissingExamCourseOfferingColumn.cs","1","63","0"
"Alma Muzliukaj","backend/OnlineExam.Api/Migrations/20260510154500_AddExamAttemptDraftState.cs","1","22","26"
"Alma Muzliukaj","backend/OnlineExam.Api/Migrations/20260529100000_AddQuestionBankClassification.cs","1","35","0"
"Alma Muzliukaj","backend/OnlineExam.Api/Migrations/20260626224034_AddExamSessionBindings.cs","1","20","0"
"Alma Muzliukaj","backend/OnlineExam.Api/Migrations/20260627000100_AddAttemptQuestionRandomization.cs","1","35","0"
"Alma Muzliukaj","backend/OnlineExam.Api/Models/Course.cs","1","11","0"
"Alma Muzliukaj","backend/OnlineExam.Api/Models/CourseOffering.cs","1","17","0"
"Alma Muzliukaj","backend/OnlineExam.Api/Models/Term.cs","1","11","0"
"Alma Muzliukaj","backend/OnlineExam.Api/Models/User.cs","1","15","0"
"Alma Muzliukaj","backend/OnlineExam.Api/OnlineExam.Api.http","1","6","0"
"Alma Muzliukaj","backend/OnlineExam.Api/Properties/launchSettings.json","1","31","0"
"Alma Muzliukaj","docker-compose.yml","1","17","0"
"Alma Muzliukaj","docs/03-functional-requirements.md","1","43","0"
"Alma Muzliukaj","docs/07-data-model.md","1","26","0"
"Alma Muzliukaj","docs/08-system-architecture.md","1","19","0"
"Alma Muzliukaj","docs/09-api-overview.md","1","28","0"
"Alma Muzliukaj","docs/alma-generated-question-review-e2e.md","1","31","0"
"Alma Muzliukaj","docs/alma-published-result-e2e.md","1","43","0"
"Alma Muzliukaj","frontend/.env.example","1","0","2"
"Alma Muzliukaj","frontend/public/app-logo.svg","1","47","0"
"Alma Muzliukaj","frontend/public/logo-itm.svg","1","35","0"
"Alma Muzliukaj","frontend/src/hooks/useCurrentUser.js","1","4","4"
"Alma Muzliukaj","frontend/src/hooks/useFaceProctoring.js","1","125","0"
"Alma Muzliukaj","frontend/src/lib/reportsApi.js","1","27","0"
"Alma Muzliukaj","frontend/src/lib/studentApi.js","1","7","0"
"Alma Muzliukaj","frontend/src/pages/admin/AdminSmuIntegrationPage.jsx","1","54","51"
"Alma Muzliukaj","frontend/src/pages/question-bank/GeneratedQuestionReviewPage.jsx","1","473","0"
"Alma Muzliukaj","frontend/src/pages/reports/ReportsPage.jsx","1","340","0"
"Alma Muzliukaj","frontend/src/routes/ProtectedRoute.jsx","1","5","5"
"Alma Muzliukaj","Online-Exam.sln","1","29","0"
"Alma Muzliukaj","sample-question-bank-30.csv","1","31","0"
"Alma Muzliukaj","temp_build_verify_3/appsettings.Development.json","1","15","0"
"Alma Muzliukaj","temp_build_verify_3/appsettings.json","1","14","0"
"Alma Muzliukaj","temp_build_verify_3/BCrypt.Net-Next.dll","1","0","0"
"Alma Muzliukaj","temp_build_verify_3/cs/Microsoft.CodeAnalysis.CSharp.resources.dll","1","0","0"
"Alma Muzliukaj","temp_build_verify_3/cs/Microsoft.CodeAnalysis.CSharp.Workspaces.resources.dll","1","0","0"
"Alma Muzliukaj","temp_build_verify_3/cs/Microsoft.CodeAnalysis.resources.dll","1","0","0"
"Alma Muzliukaj","temp_build_verify_3/cs/Microsoft.CodeAnalysis.Workspaces.resources.dll","1","0","0"
"Alma Muzliukaj","temp_build_verify_3/de/Microsoft.CodeAnalysis.CSharp.resources.dll","1","0","0"
"Alma Muzliukaj","temp_build_verify_3/de/Microsoft.CodeAnalysis.CSharp.Workspaces.resources.dll","1","0","0"
"Alma Muzliukaj","temp_build_verify_3/de/Microsoft.CodeAnalysis.resources.dll","1","0","0"
"Alma Muzliukaj","temp_build_verify_3/de/Microsoft.CodeAnalysis.Workspaces.resources.dll","1","0","0"
"Alma Muzliukaj","temp_build_verify_3/es/Microsoft.CodeAnalysis.CSharp.resources.dll","1","0","0"
"Alma Muzliukaj","temp_build_verify_3/es/Microsoft.CodeAnalysis.CSharp.Workspaces.resources.dll","1","0","0"
"Alma Muzliukaj","temp_build_verify_3/es/Microsoft.CodeAnalysis.resources.dll","1","0","0"
"Alma Muzliukaj","temp_build_verify_3/es/Microsoft.CodeAnalysis.Workspaces.resources.dll","1","0","0"
"Alma Muzliukaj","temp_build_verify_3/fr/Microsoft.CodeAnalysis.CSharp.resources.dll","1","0","0"
"Alma Muzliukaj","temp_build_verify_3/fr/Microsoft.CodeAnalysis.CSharp.Workspaces.resources.dll","1","0","0"
"Alma Muzliukaj","temp_build_verify_3/fr/Microsoft.CodeAnalysis.resources.dll","1","0","0"
"Alma Muzliukaj","temp_build_verify_3/fr/Microsoft.CodeAnalysis.Workspaces.resources.dll","1","0","0"
"Alma Muzliukaj","temp_build_verify_3/Humanizer.dll","1","0","0"
"Alma Muzliukaj","temp_build_verify_3/it/Microsoft.CodeAnalysis.CSharp.resources.dll","1","0","0"
"Alma Muzliukaj","temp_build_verify_3/it/Microsoft.CodeAnalysis.CSharp.Workspaces.resources.dll","1","0","0"
"Alma Muzliukaj","temp_build_verify_3/it/Microsoft.CodeAnalysis.resources.dll","1","0","0"
"Alma Muzliukaj","temp_build_verify_3/it/Microsoft.CodeAnalysis.Workspaces.resources.dll","1","0","0"
"Alma Muzliukaj","temp_build_verify_3/ja/Microsoft.CodeAnalysis.CSharp.resources.dll","1","0","0"
"Alma Muzliukaj","temp_build_verify_3/ja/Microsoft.CodeAnalysis.CSharp.Workspaces.resources.dll","1","0","0"
"Alma Muzliukaj","temp_build_verify_3/ja/Microsoft.CodeAnalysis.resources.dll","1","0","0"
"Alma Muzliukaj","temp_build_verify_3/ja/Microsoft.CodeAnalysis.Workspaces.resources.dll","1","0","0"
"Alma Muzliukaj","temp_build_verify_3/ko/Microsoft.CodeAnalysis.CSharp.resources.dll","1","0","0"
"Alma Muzliukaj","temp_build_verify_3/ko/Microsoft.CodeAnalysis.CSharp.Workspaces.resources.dll","1","0","0"
"Alma Muzliukaj","temp_build_verify_3/ko/Microsoft.CodeAnalysis.resources.dll","1","0","0"
"Alma Muzliukaj","temp_build_verify_3/ko/Microsoft.CodeAnalysis.Workspaces.resources.dll","1","0","0"
"Alma Muzliukaj","temp_build_verify_3/Microsoft.AspNetCore.Authentication.JwtBearer.dll","1","0","0"
"Alma Muzliukaj","temp_build_verify_3/Microsoft.AspNetCore.OpenApi.dll","1","0","0"
"Alma Muzliukaj","temp_build_verify_3/Microsoft.Bcl.AsyncInterfaces.dll","1","0","0"
"Alma Muzliukaj","temp_build_verify_3/Microsoft.CodeAnalysis.CSharp.dll","1","0","0"
"Alma Muzliukaj","temp_build_verify_3/Microsoft.CodeAnalysis.CSharp.Workspaces.dll","1","0","0"
"Alma Muzliukaj","temp_build_verify_3/Microsoft.CodeAnalysis.dll","1","0","0"
"Alma Muzliukaj","temp_build_verify_3/Microsoft.CodeAnalysis.Workspaces.dll","1","0","0"
"Alma Muzliukaj","temp_build_verify_3/Microsoft.EntityFrameworkCore.Abstractions.dll","1","0","0"
"Alma Muzliukaj","temp_build_verify_3/Microsoft.EntityFrameworkCore.Design.dll","1","0","0"
"Alma Muzliukaj","temp_build_verify_3/Microsoft.EntityFrameworkCore.dll","1","0","0"
"Alma Muzliukaj","temp_build_verify_3/Microsoft.EntityFrameworkCore.Relational.dll","1","0","0"
"Alma Muzliukaj","temp_build_verify_3/Microsoft.Extensions.DependencyModel.dll","1","0","0"
"Alma Muzliukaj","temp_build_verify_3/Microsoft.IdentityModel.Abstractions.dll","1","0","0"
"Alma Muzliukaj","temp_build_verify_3/Microsoft.IdentityModel.JsonWebTokens.dll","1","0","0"
"Alma Muzliukaj","temp_build_verify_3/Microsoft.IdentityModel.Logging.dll","1","0","0"
"Alma Muzliukaj","temp_build_verify_3/Microsoft.IdentityModel.Protocols.dll","1","0","0"
"Alma Muzliukaj","temp_build_verify_3/Microsoft.IdentityModel.Protocols.OpenIdConnect.dll","1","0","0"
"Alma Muzliukaj","temp_build_verify_3/Microsoft.IdentityModel.Tokens.dll","1","0","0"
"Alma Muzliukaj","temp_build_verify_3/Microsoft.OpenApi.dll","1","0","0"
"Alma Muzliukaj","temp_build_verify_3/Mono.TextTemplating.dll","1","0","0"
"Alma Muzliukaj","temp_build_verify_3/Npgsql.dll","1","0","0"
"Alma Muzliukaj","temp_build_verify_3/Npgsql.EntityFrameworkCore.PostgreSQL.dll","1","0","0"
"Alma Muzliukaj","temp_build_verify_3/OnlineExam.Api.deps.json","1","1052","0"
"Alma Muzliukaj","temp_build_verify_3/OnlineExam.Api.dll","1","0","0"
"Alma Muzliukaj","temp_build_verify_3/OnlineExam.Api.exe","1","0","0"
"Alma Muzliukaj","temp_build_verify_3/OnlineExam.Api.pdb","1","0","0"
"Alma Muzliukaj","temp_build_verify_3/OnlineExam.Api.runtimeconfig.json","1","20","0"
"Alma Muzliukaj","temp_build_verify_3/pl/Microsoft.CodeAnalysis.CSharp.resources.dll","1","0","0"
"Alma Muzliukaj","temp_build_verify_3/pl/Microsoft.CodeAnalysis.CSharp.Workspaces.resources.dll","1","0","0"
"Alma Muzliukaj","temp_build_verify_3/pl/Microsoft.CodeAnalysis.resources.dll","1","0","0"
"Alma Muzliukaj","temp_build_verify_3/pl/Microsoft.CodeAnalysis.Workspaces.resources.dll","1","0","0"
"Alma Muzliukaj","temp_build_verify_3/pt-BR/Microsoft.CodeAnalysis.CSharp.resources.dll","1","0","0"
"Alma Muzliukaj","temp_build_verify_3/pt-BR/Microsoft.CodeAnalysis.CSharp.Workspaces.resources.dll","1","0","0"
"Alma Muzliukaj","temp_build_verify_3/pt-BR/Microsoft.CodeAnalysis.resources.dll","1","0","0"
"Alma Muzliukaj","temp_build_verify_3/pt-BR/Microsoft.CodeAnalysis.Workspaces.resources.dll","1","0","0"
"Alma Muzliukaj","temp_build_verify_3/ru/Microsoft.CodeAnalysis.CSharp.resources.dll","1","0","0"
"Alma Muzliukaj","temp_build_verify_3/ru/Microsoft.CodeAnalysis.CSharp.Workspaces.resources.dll","1","0","0"
"Alma Muzliukaj","temp_build_verify_3/ru/Microsoft.CodeAnalysis.resources.dll","1","0","0"
"Alma Muzliukaj","temp_build_verify_3/ru/Microsoft.CodeAnalysis.Workspaces.resources.dll","1","0","0"
"Alma Muzliukaj","temp_build_verify_3/Swashbuckle.AspNetCore.Swagger.dll","1","0","0"
"Alma Muzliukaj","temp_build_verify_3/Swashbuckle.AspNetCore.SwaggerGen.dll","1","0","0"
"Alma Muzliukaj","temp_build_verify_3/Swashbuckle.AspNetCore.SwaggerUI.dll","1","0","0"
"Alma Muzliukaj","temp_build_verify_3/System.CodeDom.dll","1","0","0"
"Alma Muzliukaj","temp_build_verify_3/System.Composition.AttributedModel.dll","1","0","0"
"Alma Muzliukaj","temp_build_verify_3/System.Composition.Convention.dll","1","0","0"
"Alma Muzliukaj","temp_build_verify_3/System.Composition.Hosting.dll","1","0","0"
"Alma Muzliukaj","temp_build_verify_3/System.Composition.Runtime.dll","1","0","0"
"Alma Muzliukaj","temp_build_verify_3/System.Composition.TypedParts.dll","1","0","0"
"Alma Muzliukaj","temp_build_verify_3/System.IdentityModel.Tokens.Jwt.dll","1","0","0"
"Alma Muzliukaj","temp_build_verify_3/tr/Microsoft.CodeAnalysis.CSharp.resources.dll","1","0","0"
"Alma Muzliukaj","temp_build_verify_3/tr/Microsoft.CodeAnalysis.CSharp.Workspaces.resources.dll","1","0","0"
"Alma Muzliukaj","temp_build_verify_3/tr/Microsoft.CodeAnalysis.resources.dll","1","0","0"
"Alma Muzliukaj","temp_build_verify_3/tr/Microsoft.CodeAnalysis.Workspaces.resources.dll","1","0","0"
"Alma Muzliukaj","temp_build_verify_3/zh-Hans/Microsoft.CodeAnalysis.CSharp.resources.dll","1","0","0"
"Alma Muzliukaj","temp_build_verify_3/zh-Hans/Microsoft.CodeAnalysis.CSharp.Workspaces.resources.dll","1","0","0"
"Alma Muzliukaj","temp_build_verify_3/zh-Hans/Microsoft.CodeAnalysis.resources.dll","1","0","0"
"Alma Muzliukaj","temp_build_verify_3/zh-Hans/Microsoft.CodeAnalysis.Workspaces.resources.dll","1","0","0"
"Alma Muzliukaj","temp_build_verify_3/zh-Hant/Microsoft.CodeAnalysis.CSharp.resources.dll","1","0","0"
"Alma Muzliukaj","temp_build_verify_3/zh-Hant/Microsoft.CodeAnalysis.CSharp.Workspaces.resources.dll","1","0","0"
"Alma Muzliukaj","temp_build_verify_3/zh-Hant/Microsoft.CodeAnalysis.resources.dll","1","0","0"
"Alma Muzliukaj","temp_build_verify_3/zh-Hant/Microsoft.CodeAnalysis.Workspaces.resources.dll","1","0","0"
